Thr_1_WP_080868627_Agrobactin	DMFCAGLIWK
Thr_1_WP_049792379_Parabactin	DMFCAGLIWK
Thr_1_WP_001923521_Vibriobactin	DMFVAGLIWK
Thr_1_WP_052298478_Vulnibactin	DMFVAGLIWK
Thr_1_WP_036849841.1_Photobactin	DMSCAGLIWK
Thr_1_AHY05889_Serratiochelins	DMFCAGLIWK
Lys_1_WP_012700723_Protochelin+	DAEDIGTVIK
Ser/Thr_1_WP_004929195_Fimsbactin	DMFCNGIIWK
Thr_1_WP_000910263_Acinetobactin	DMFSAGLIWK
Arg_1_WP_015801543_Mirubactin	DSLDVGAVDK
fOHOrn_2_WP_015801543_Mirubactin	DVWNVGAVNK
Ser_1_NP_415118_Enterobactin	DVWHFSLVDK
Ser_1_WP_041853220_Amphi-enterobactin	DVWHFSLVDK
Gly_1_NP_391076_Bacillibactin	DILQLGLIWK
Thr_2_NP_391076_Bacillibactin	DFWNIGMVHK
Ala_1_WP_010495867_Paenibactin	DILQIGQIYK
Thr_2_WP_010495867_Paenibactin	DFWNVGMVHK
Orn_1_WP_041590315_Turnerbactin	DSWDGGLVDK
Ser_2_WP_041590315_Turnerbactin	DVWHFSLVDK
Lys_1_WP_033112377_Chrysobactin	DSWDMGYIDK
Ser_2_WP_033112377_Chrysobactin	DVWHFSLVDK
Lys_1_WP_089185984.1_Chrysobactin	DSWDMGYVDK
Arg_1_WP_010648829_Trivanchrobactin	SFWDLGFVDK
Ser_2_WP_010648829_Trivanchrobactin	DVWHFSLVDK
Arg_1_CAJ45639.1_Vanchrobactin	DAWDLGFVDK
Arg_1_CBA63680_Griseobactin	DAWDVGLVDK
Ser_2_CBA63680_Griseobactin	DFWNVGMVHK
Gly_1_WP_024093895_Bacillibactin	DILQLGLIWK
Thr_2_WP_024093895_Bacillibactin	DFWNIGMVHK
Arg_1_WP_020907490_Heterobactin	DADDVGLVDK
Gly_2_WP_020907490_Heterobactin	DILQLGVVWK
OHOrn_3_WP_020907490_Heterobactin	DMWNMGLINK
Thr_1_WP_011595092_Rhodochelin	DFWNVGMVHK
fOHOrn_2_WP_011595092_Rhodochelin	DLWGMGAVNK
Lys_1_WP_011656967_Cepaciachelin	DAEDIGTIIK
Lys__WP_044192500_Hyalachelin	DAEDIGTVVK
Lys_1_WP_005315267_Amonabactin	DAEDIGTVVK
Phe/Trp_1_WP_005315270_Amonabactin	DAMIGGMVTK
Gly_1_WP_085941599_Amonabactin	DILQLGCVWK
Thr_1_WP_011899265_Acinetobactin	DMFCAGLIWK
Arg_1_WP_011292291_Fuscachelin	DAWDSGCVDK
Gly_2_WP_011292291_Fuscachelin	DILQFGVIWK
Gly_3_WP_011292291_Fuscachelin	DILQLGVIWK
Thr_1_WP_011292290_Fuscachelin	DVWHISLVDK
OHOrn_1_WP_011292289_Fuscachelin	DMWNLGLINK
Lys_1_WP_045965765_Pseudochelin	DTEDIGTVVK
Arg_1_WP_042525932_Ruckerbactin	DAWDAGLVDK
Ser_2_WP_042525932_Ruckerbactin	DVWHFSLVDK
Lys_1_WP_050504533_Frederiksenibactin	DSWDMGFIDK
Ser_2_WP_050504533_Frederiksenibactin	DVWHFSLVDK